comment_id,comment_text,commenter_username,comment_timestamp,comment_likes_count,post_short_code,kol_username,is_bot_suspicion,bot_reason,sentiment
17974240977066082,@ifwatlh @reynalkristopayan_,richa_rd2782,2026-07-08T13:43:17.000Z,0,DaWnWhVslmo,henjiwong,FALSE,Human,Neutral
18210761158349098,Aslinya pasti gak kek gini lah,tenangaza88,2026-07-07T16:13:41.000Z,0,DaWnWhVslmo,henjiwong,FALSE,Human,Neutral
17878825011485919,A,yuliani.lo,2026-07-07T03:56:27.000Z,0,DaWnWhVslmo,henjiwong,TRUE,Low Effort / Emoji Spam,Excluded (Bot)
18114399229694641,Juicy🔥🔥,baksojonomukti,2026-07-05T14:25:14.000Z,0,DaWnWhVslmo,henjiwong,FALSE,Human,Neutral
18088855079108770,ampunnn seenakk itu :),foodsreviewsid,2026-07-05T14:17:23.000Z,0,DaWnWhVslmo,henjiwong,FALSE,Human,Neutral
18596190361009144,Enak sih cuma pelayanannya lemot kelamaan nunggu daging waktu kebuang sia2,limlim555,2026-07-05T12:43:20.000Z,0,DaWnWhVslmo,henjiwong,FALSE,Human,Positive
17933381550336896,Daging nya gede klo lg di review food vlogger doang 😂,bellayosia,2026-07-05T10:27:02.000Z,1,DaWnWhVslmo,henjiwong,FALSE,Human,Neutral
18158972404415898,"Duh jadi pengen balik lagi yak @ciwa_stev @greenteamilklatte emang seenak itu sih.. Dessert, side dish semuanya enak 🤤🤤🤤",ve12onicadiana,2026-07-05T03:20:50.000Z,0,DaWnWhVslmo,henjiwong,FALSE,Human,Positive
18148761283511435,B,danielsuandikurniawidjaja,2026-07-05T02:39:41.000Z,0,DaWnWhVslmo,henjiwong,TRUE,Low Effort / Emoji Spam,Excluded (Bot)
18127017601652261,@lodayantiger nah...,glenwong.wchi,2026-07-04T17:47:22.000Z,0,DaWnWhVslmo,henjiwong,FALSE,Human,Neutral
18131717293591831,Boong banget potongannya segede itu. Kemarin baru makan ukurannya cilik banget,bongwingky,2026-07-04T14:56:06.000Z,8,DaWnWhVslmo,henjiwong,FALSE,Human,Neutral
18020710124892767,😍❤️😍,salimbata_kuliner,2026-07-04T12:58:15.000Z,0,DaWnWhVslmo,henjiwong,FALSE,Human,Neutral
17999159192982893,Gak segede itu loohhh potongan dagingnyaaa😂.,liz_zal,2026-07-04T11:23:20.000Z,2,DaWnWhVslmo,henjiwong,FALSE,Human,Neutral
18132798298526128,Buka di Batam donks,ydl22gav,2026-07-04T10:47:53.000Z,0,DaWnWhVslmo,henjiwong,FALSE,Human,Neutral
18087478223143573,Muraaah😭,ernayw,2026-07-08T12:05:04.000Z,0,DaCxC6IRO7O,sibungbung,FALSE,Human,Neutral
18207962056347128,😍😍,daily.moly,2026-07-08T10:05:37.000Z,0,DaCxC6IRO7O,sibungbung,TRUE,Low Effort / Emoji Spam,Excluded (Bot)
18089027732104713,Bang sulee emaang enaakk bgt somaynyaa bumbu kacangnya juga juaraa 🫶🏻 Alhamdulillah sebelahan sm kantor😍,vekabachry,2026-07-07T13:46:08.000Z,0,DaCxC6IRO7O,sibungbung,FALSE,Human,Neutral
18095285870361613,👏👏👏,little.quiet.days,2026-07-07T07:48:23.000Z,0,DaCxC6IRO7O,sibungbung,FALSE,Human,Neutral
18087735554119255,Busehhh smpe bawa brang bukti😭pdhal mah bedain nya cman diamisnya ajh😂soalnya prnh tkang clok pke ikan sapu-sapu buseh amiss banget beda SM pke ikan tnggiri smpe mual.,vir_gogirls06,2026-07-06T15:55:02.000Z,0,DaCxC6IRO7O,sibungbung,FALSE,Human,Neutral
18426492232133568,ini mesih mending dari pada gondrong😭,yazz0986,2026-07-06T14:28:18.000Z,0,DaCxC6IRO7O,sibungbung,FALSE,Human,Neutral
17877419592501703,Ngilerrrrr🤤,fajrianacitra,2026-07-06T09:28:27.000Z,0,DaCxC6IRO7O,sibungbung,FALSE,Human,Neutral
18105955790055342,👏👏👏😍😍😍,agusfirmansyah44,2026-07-06T07:09:19.000Z,0,DaCxC6IRO7O,sibungbung,FALSE,Human,Neutral
17874577956681948,gondrong mana gondrong,_surya_rajin_ngaji_,2026-07-06T03:54:40.000Z,1,DaCxC6IRO7O,sibungbung,FALSE,Human,Neutral
18543008821072290,otw ci 🔥,renesco_butar2,2026-07-05T04:51:27.000Z,0,DaCxC6IRO7O,sibungbung,FALSE,Human,Neutral
18331366150249682,Mending beli ini daripada di si gondrong😂,hasimvessalius,2026-07-04T14:23:37.000Z,0,DaCxC6IRO7O,sibungbung,FALSE,Human,Neutral
18445298452186172,Lebih baik daripada somai si gondrong,juju30y,2026-07-04T13:11:16.000Z,0,DaCxC6IRO7O,sibungbung,FALSE,Human,Neutral
18018891701910829,Lagi viralnyaaaaaa ikan sapu sapu si bapak ikut terdampak 😭,zaaaaaaaaaaaaaaaaq,2026-07-04T09:09:57.000Z,0,DaCxC6IRO7O,sibungbung,FALSE,Human,Neutral
18428768152120782,Pesen 1,yogas569,2026-07-04T08:01:14.000Z,0,DaCxC6IRO7O,sibungbung,FALSE,Human,Neutral
18108120725003457,😂😂👏 salut ama bapak nya,_eryus,2026-07-04T05:44:45.000Z,0,DaCxC6IRO7O,sibungbung,FALSE,Human,Neutral
18116214967930111,"Bak chang shul.....menjerit lambungku, mehonk amir...""buat yg mau2 ajah""😂😂",deisy_dyl,2026-07-03T12:57:33.000Z,0,DZSHaVvM_38,henjiwong,FALSE,Human,Neutral
18448899841137806,Ane ho ciak ko,nonosiswanto5,2026-07-02T15:33:40.000Z,0,DZSHaVvM_38,henjiwong,FALSE,Human,Neutral
18397126930083586,Kebanyakan isi jd nek ya,debynio,2026-07-02T07:29:14.000Z,0,DZSHaVvM_38,henjiwong,FALSE,Human,Neutral
18596342692053483,"Bacang di Lee Palace jg sultan dan wenaakk, tp harganya ga segitu lhooo",suci_dee,2026-07-01T13:42:36.000Z,0,DZSHaVvM_38,henjiwong,FALSE,Human,Neutral
17957638092138093,"Bacang 128rb, dia lbh b*d*h dr aku ya...hahaha",lsetia247,2026-07-01T12:05:32.000Z,0,DZSHaVvM_38,henjiwong,FALSE,Human,Neutral
18111626303310970,""" NASI CAMPUR bukan BAKCANG "" belum jago  makan ..... jago bayar iya....maaf kl benar",tandoroaji,2026-06-28T23:46:50.000Z,0,DZSHaVvM_38,henjiwong,FALSE,Human,Neutral
18068782856702921,kirain pake daun muda semahal itu😂,cingthe15,2026-06-26T08:37:16.000Z,0,DZSHaVvM_38,henjiwong,FALSE,Human,Neutral
18085234376407157,Ko bagi dong bacang nya.,encanghadi,2026-06-26T01:18:41.000Z,0,DZSHaVvM_38,henjiwong,FALSE,Human,Neutral
18186238432381584,Harganya memang mahal tp selama ada yg beli ya gkpp lah terserah aja. Buat yg kaum nendang mending seperti saya ya beli yg 5 rban aja dan bagi muslim yg halal tentunya.,ninamurtichristian,2026-06-23T06:15:06.000Z,0,DZSHaVvM_38,henjiwong,FALSE,Human,Negative
18065174645461799,Paradise di medan harganya 88rb Ko 🤩,rosiva_phan11,2026-06-20T12:12:29.000Z,0,DZSHaVvM_38,henjiwong,FALSE,Human,Neutral
17996430605983338,"Bakcang kan harus ada 4 sudut, yg ada filosofinya. Oiya, itu juga persegi kan 4 sudut jg yah 🤭🤭🤭",lianandr,2026-06-20T11:42:36.000Z,0,DZSHaVvM_38,henjiwong,FALSE,Human,Neutral
17921541006381603,Aku mau vobaa siih,eliza.kristin,2026-06-20T07:35:45.000Z,0,DZSHaVvM_38,henjiwong,FALSE,Human,Positive
18101940803117840,Mahal harga bakcangnya krn sewa tempatnya mahal,justforfoodnhistory,2026-06-19T20:57:10.000Z,0,DZSHaVvM_38,henjiwong,FALSE,Human,Negative
18075172997480543,Cobain bakcang plampitan semarang ko.. bisa kirim luar kota jg😍🔥,meme_nike,2026-06-19T14:52:42.000Z,0,DZSHaVvM_38,henjiwong,FALSE,Human,Neutral
18606608527053821,Sampe kaget kalau ini ternyata di mangdu 😮,bangunkanopiutama,2026-06-22T02:25:58.000Z,0,DZXXmWuyNer,anakjajan,FALSE,Human,Neutral
18085876136453806,busettt,gdekpisang.id,2026-06-15T14:16:34.000Z,0,DZXXmWuyNer,anakjajan,FALSE,Human,Neutral
18121045078682432,😍😍😍😍,bakcang32,2026-06-13T07:16:36.000Z,1,DZXXmWuyNer,anakjajan,FALSE,Human,Neutral
17937516933251816,jasmine pistachio aaaaaa enak banget 😍,axselvv,2026-06-11T13:19:48.000Z,2,DZXXmWuyNer,anakjajan,FALSE,Human,Positive
17965807491085449,@itseviwr,y3nnyng,2026-06-10T16:11:59.000Z,0,DZXXmWuyNer,anakjajan,FALSE,Human,Neutral
18414946723181440,Duh jadi pengen ke MangDu gegara liat ini,st0rm_78,2026-06-10T14:17:20.000Z,1,DZXXmWuyNer,anakjajan,FALSE,Human,Positive
18133081504501852,@irma_imai,_sylvie.k,2026-06-10T09:02:11.000Z,0,DZXXmWuyNer,anakjajan,FALSE,Human,Neutral
18355012675241731,Jasmine Pistachio Cloud-nya menarik 🤩,millyyy_07,2026-06-10T07:37:14.000Z,2,DZXXmWuyNer,anakjajan,FALSE,Human,Neutral
18366943321229215,@liediandrew matcha bae,deeewwwi,2026-06-10T03:51:41.000Z,2,DZXXmWuyNer,anakjajan,FALSE,Human,Neutral
17971711494101525,Kerennn 🔥,foodlovabygrace,2026-06-09T23:57:19.000Z,2,DZXXmWuyNer,anakjajan,FALSE,Human,Neutral
18084069551530946,Ketemu ajaaaaaa yg lucu2,lydiaoey,2026-06-09T16:22:05.000Z,4,DZXXmWuyNer,anakjajan,FALSE,Human,Neutral
18093889301352883,Kok seruuu,cicidoyanmakan,2026-06-09T16:05:42.000Z,2,DZXXmWuyNer,anakjajan,FALSE,Human,Neutral
18082017437533952,😍😍,marselasusanto,2026-06-09T15:30:14.000Z,2,DZXXmWuyNer,anakjajan,TRUE,Low Effort / Emoji Spam,Excluded (Bot)
18409329163146520,❤️🙌🔥👏😍,photofoliomy_official,2026-06-09T14:22:39.000Z,3,DZXXmWuyNer,anakjajan,FALSE,Human,Neutral
18132115003594787,😍❤️,cobadulubarureview,2026-06-09T14:17:07.000Z,1,DZXXmWuyNer,anakjajan,FALSE,Human,Neutral
17895415629511436,Ko yg di tokyo nama resto nya apa ka ?,anna.nrj26,2026-07-03T02:07:32.000Z,0,DWYcSefkknh,anakjajan,FALSE,Human,Neutral
18110343649852776,"Halo kak, ayah/bunda. Kita Siap supply Arang kayu keras, Arang kayu Cengkeh, Arang kayu Kopi dan Briket
Base Malang
+62895352800795",bakoelperintis,2026-06-22T04:13:32.000Z,0,DWYcSefkknh,anakjajan,FALSE,Human,Negative
18594950191021116,Kecap ga halal.. klo mkn ga make kecap gpp kali y,setiawati_dasril,2026-05-27T10:12:45.000Z,0,DWYcSefkknh,anakjajan,FALSE,Human,Neutral
18342943906300219,Bahaya itu telur nya masak mentah kayak gitu?,nuriyana327,2026-04-07T21:51:30.000Z,0,DWYcSefkknh,anakjajan,FALSE,Human,Neutral
17922306927270527,Mauuuu,st0rm_78,2026-04-07T12:08:54.000Z,1,DWYcSefkknh,anakjajan,FALSE,Human,Neutral
18099133349513272,@anakjajan HALAL Ci??🙌,rizqaaziqa,2026-04-07T08:33:58.000Z,0,DWYcSefkknh,anakjajan,FALSE,Human,Neutral
18130617223485355,Udah halal?,dvita_suandi,2026-04-06T14:26:32.000Z,0,DWYcSefkknh,anakjajan,FALSE,Human,Neutral
18312212908285319,buka di K Mall Kemayoran tempatnya Ok besar jg klau buat restaurant cb aja hub ASRI (agung sedayu group) semoga bs buka di K Mall Kemayoran jakpus 🙏,risdiantiny,2026-04-01T13:52:04.000Z,1,DWYcSefkknh,anakjajan,FALSE,Human,Neutral
18110728723695710,Porsi dagingnya 3 terlalu byk. Rasa dagingnya ga terasa mkn sapi gmna gt😢,linakaneka,2026-04-01T10:28:30.000Z,0,DWYcSefkknh,anakjajan,FALSE,Human,Neutral
17957407541942562,Jauh kali ini,natalia_tatan,2026-04-01T02:34:42.000Z,0,DWYcSefkknh,anakjajan,FALSE,Human,Neutral
18089745842163785,hmmmm yummy 🔥,trip_or_treatss,2026-03-30T10:50:21.000Z,0,DWYcSefkknh,anakjajan,FALSE,Human,Neutral
17987474192791721,Hi kak boleh cek DM ya dan email kak.,urlgoodman,2026-03-30T06:24:29.000Z,0,DWYcSefkknh,anakjajan,FALSE,Human,Neutral
17883700800473179,@andyro182,twinklesofjoy,2026-03-30T02:19:24.000Z,0,DWYcSefkknh,anakjajan,FALSE,Human,Neutral
17991092369778713,Ini resto yg tiap 20mnt buang nasi kan,mrpeanut_88,2026-03-29T21:50:21.000Z,0,DWYcSefkknh,anakjajan,FALSE,Human,Neutral
18125947042572712,Nasinya seenak yg asli di jepang ga?,_xtian_yoo,2026-03-29T05:29:13.000Z,0,DWYcSefkknh,anakjajan,FALSE,Human,Neutral
18124944994668327,Lanzhou itu makanan Chinese Muslim,tamblinhen,2026-07-06T15:54:21.000Z,0,DZY3gxgsQ1m,henjiwong,FALSE,Human,Neutral
18084606968170469,Import from Singapore.How can.Singapore has no factory😂😂😂😂,ahokjuneidi,2026-07-05T08:03:45.000Z,0,DZY3gxgsQ1m,henjiwong,FALSE,Human,Neutral
18134532874569258,Zhongguo Cai,alfadiakbar,2026-06-19T13:19:16.000Z,0,DZY3gxgsQ1m,henjiwong,FALSE,Human,Neutral
18165492394447841,Citraraya banyak ko,joni_jingga,2026-06-18T14:19:33.000Z,0,DZY3gxgsQ1m,henjiwong,FALSE,Human,Neutral
18131539621522214,"Alhamdulillah ini halal, tapi aku bbrp wkt yg lalu ke pik,karyawannya berhijab tapi menunya byk menu babi, gw tau nya udh pas hampir selesai baru kebaca,walau aku mintanya kebanyakan sup seafood sih tp ya kalau dapurnya satu ya .....gimana.....",delfi_mitra_pc,2026-06-14T08:34:00.000Z,0,DZY3gxgsQ1m,henjiwong,FALSE,Human,Neutral
18070785230364388,Yummmy🔥🔥,rosvita_martini1970,2026-06-13T01:17:51.000Z,0,DZY3gxgsQ1m,henjiwong,FALSE,Human,Neutral
17907563097423833,Kalau liat video aja... mirip mie tarik leker ya?,she.lynz,2026-06-12T20:00:17.000Z,0,DZY3gxgsQ1m,henjiwong,FALSE,Human,Neutral
18107916982941243,Tidak enak,yusufsuk01,2026-06-12T04:58:16.000Z,0,DZY3gxgsQ1m,henjiwong,FALSE,Human,Positive
17971007571113135,Ini halal .klo di china ini resto ini halal,marlinaferita,2026-06-12T02:08:09.000Z,0,DZY3gxgsQ1m,henjiwong,FALSE,Human,Neutral
18081534902635485,"knp hrs di pik kejauahan dan macet nya,buka dong d tempat lain😂😂",nurhayati_pilly,2026-06-11T23:07:55.000Z,0,DZY3gxgsQ1m,henjiwong,FALSE,Human,Neutral
18141589318467115,Spore yg ribut blg sell Indonesia ? 😂,dididi2411,2026-06-11T00:15:26.000Z,0,DZY3gxgsQ1m,henjiwong,FALSE,Human,Neutral
17943836934207158,1 pertanyaan HALAL ??!,harisadvokat,2026-06-10T23:58:15.000Z,1,DZY3gxgsQ1m,henjiwong,FALSE,Human,Neutral
18356835046211293,Bikin ngiler koh 😋🤤,davina_louise85,2026-06-10T22:18:56.000Z,0,DZY3gxgsQ1m,henjiwong,FALSE,Human,Positive
18101863631012378,Di pik,crab.1259170,2026-06-10T14:55:57.000Z,0,DZY3gxgsQ1m,henjiwong,FALSE,Human,Neutral
17895403293341430,Mahal,nico_wahyu_sunaryo,2026-06-10T13:30:26.000Z,1,DZY3gxgsQ1m,henjiwong,FALSE,Human,Negative
18106441796047156,V,eka26347,2026-07-08T18:22:03.000Z,0,DaMXMuVM6KA,henjiwong,TRUE,Low Effort / Emoji Spam,Excluded (Bot)
18108117256807843,Mm,eka26347,2026-07-08T18:22:02.000Z,0,DaMXMuVM6KA,henjiwong,TRUE,Low Effort / Emoji Spam,Excluded (Bot)
18560227555068809,"Koko baik banget bungkusin buat oma itu, makasih ko🙏",kiecen23,2026-07-07T14:20:35.000Z,0,DaMXMuVM6KA,henjiwong,FALSE,Human,Neutral
18081698051239312,"Menu wajib buat makan siang slsi ibadah minggu atau ga buat mkn mlm sblm latihan buat pelayanan 😍

Maknyossss😋👌👩🏼‍🍳👨🏻‍🍳",callmealinnn,2026-07-06T17:25:39.000Z,0,DaMXMuVM6KA,henjiwong,FALSE,Human,Neutral
18205363954358291,Tarki yg mau ka arah santa bang? Sebalaj kiri jln bukan sekolahnya?,gusdiie,2026-07-05T13:16:39.000Z,0,DaMXMuVM6KA,henjiwong,FALSE,Human,Positive
18088160228531506,"Saat SD, langganan anakku, sekolah situ.",rika.s29,2026-07-05T07:48:26.000Z,0,DaMXMuVM6KA,henjiwong,FALSE,Human,Neutral
17963078166137028,Buka jam berapa?,lidyamanurung20,2026-07-05T07:29:26.000Z,0,DaMXMuVM6KA,henjiwong,FALSE,Human,Neutral
18058919780742925,@aureloctavi terpantau ngelike. Klo ke sini kbrin ya. Sblh kantor gw 😂,pcilla.s,2026-07-05T06:16:10.000Z,0,DaMXMuVM6KA,henjiwong,FALSE,Human,Neutral
18110585324297732,Alamat nya D mana ya.. Pgn yoba,asih.aisah,2026-07-04T09:41:48.000Z,0,DaMXMuVM6KA,henjiwong,FALSE,Human,Neutral
18117995542641328,Bang makan jgn pake sarung tangan plastik. Banyak mikro plastiknya. Mending pake tangan kosong tp cuci tangan dl,bagus_triutama,2026-07-03T23:16:17.000Z,1,DaMXMuVM6KA,henjiwong,FALSE,Human,Neutral
18156056824484561,Jd laper ko,sny0777,2026-07-03T15:56:49.000Z,0,DaMXMuVM6KA,henjiwong,FALSE,Human,Neutral
18537835111074688,murah jir udh pake thu tmpe 20rb,inipunyajamal,2026-07-03T12:05:03.000Z,0,DaMXMuVM6KA,henjiwong,FALSE,Human,Neutral
17922088398164199,Buka cabang dongg di Tarakanita woltermonginsidi 😍😍😍,kos_rumahorange,2026-07-03T08:44:35.000Z,0,DaMXMuVM6KA,henjiwong,FALSE,Human,Neutral
17978281875044164,In lokasinya di daerah mn ya kak,permatahati8689,2026-07-02T11:51:06.000Z,0,DaMXMuVM6KA,henjiwong,FALSE,Human,Neutral
18371449150235181,Jastip bisa kali @blssfebrian_,melaniaak,2026-07-02T11:41:09.000Z,0,DaMXMuVM6KA,henjiwong,FALSE,Human,Neutral
18142892551531044,❤️❤️❤️❤️❤️❤️❤️❤️,babaliong49,2026-07-08T00:45:21.000Z,0,DZjKN_os8mp,henjiwong,FALSE,Human,Neutral
18105259979079568,Favorit anak saya tiap weekend pagi,new_lifee_99,2026-07-03T14:24:06.000Z,0,DZjKN_os8mp,henjiwong,FALSE,Human,Positive
18597067291041551,"Pernah mkn, porsinya dikit",matthew_tng,2026-07-03T11:46:08.000Z,0,DZjKN_os8mp,henjiwong,FALSE,Human,Neutral
18121930684708289,Mie asui..mie 88...mie abang banyumas dpn penabur enak,ilona_venus,2026-07-03T05:39:40.000Z,0,DZjKN_os8mp,henjiwong,FALSE,Human,Positive
18167599294448666,Perlu dicoba kayanya Hauce❤️❤️itu shio gue lg pasti enak😂,handokoprakoso_smg27,2026-07-01T10:20:11.000Z,0,DZjKN_os8mp,henjiwong,FALSE,Human,Positive
17910944616422998,Wah bro buka bakmi skrg? Tar kl g balik cobain deh 😃,chriskurn,2026-06-29T03:44:16.000Z,0,DZjKN_os8mp,henjiwong,FALSE,Human,Neutral
18083870207642585,Porsi banyak,pheiwenwang,2026-06-20T10:41:46.000Z,0,DZjKN_os8mp,henjiwong,FALSE,Human,Neutral
18116396566639993,"Kk bisa spa yg dijual sesuai yg diperagakan, porsu sgt kecil tidaknsesuai yg di video",anna1681682026,2026-06-16T21:33:55.000Z,1,DZjKN_os8mp,henjiwong,FALSE,Human,Neutral
18102760358118073,Lisa ini laki lo bukan ?,nathaliatjahja,2026-06-16T21:03:30.000Z,0,DZjKN_os8mp,henjiwong,FALSE,Human,Neutral
18136768825490819,@sen_brandan,kim20_80,2026-06-16T08:59:58.000Z,0,DZjKN_os8mp,henjiwong,FALSE,Human,Neutral
18038583437799208,Org2 ini ga kreatip amat ksh nama. Abis tiga mangkok skr tiga mama. Authentic dikit la. Gimana pun TIGaa marga la yg paling authentic  Gassss @enksabarli,alvinharsono,2026-06-16T08:06:44.000Z,1,DZjKN_os8mp,henjiwong,FALSE,Human,Neutral
18017236856890745,Kalo bakmi di daerah PIK auto kaborrr… murah bgt soalnya,sinlycindy,2026-06-15T14:13:41.000Z,0,DZjKN_os8mp,henjiwong,FALSE,Human,Neutral
17886149442580606,😍,nasigoreng.kpk,2026-06-15T06:28:36.000Z,0,DZjKN_os8mp,henjiwong,TRUE,Low Effort / Emoji Spam,Excluded (Bot)
18154919983483964,"Wuih, bikin ngeces❤️😘",lindasasmita838,2026-06-15T05:38:37.000Z,0,DZjKN_os8mp,henjiwong,FALSE,Human,Neutral
18078862184559256,Wah. Tanda2nya mesti cobain,st0rm_78,2026-05-19T12:39:00.000Z,0,DXIs9bxkiQl,anakjajan,FALSE,Human,Neutral
18078117359439825,Kak tlg cek dm ya thankyou,damaifricylia,2026-04-18T11:28:52.000Z,0,DXIs9bxkiQl,anakjajan,FALSE,Human,Neutral
17881448883541029,Ika tirsa @iqatwenees disini apa kaaa? 😂,dian.sihombing87,2026-04-16T05:03:42.000Z,0,DXIs9bxkiQl,anakjajan,FALSE,Human,Neutral
18082352837096567,@mahestriclothing @jzesca cakepp nih tempat ngupinya,reni_sss,2026-04-16T00:57:19.000Z,1,DXIs9bxkiQl,anakjajan,FALSE,Human,Neutral
18125621179607244,Wow ad d blok m jugaa..kopinya enak😆,kriztinaphia,2026-04-15T14:10:41.000Z,1,DXIs9bxkiQl,anakjajan,FALSE,Human,Positive
18089525333189254,Td ke sana tp biasa aja sih,christmaschow,2026-04-15T11:10:41.000Z,0,DXIs9bxkiQl,anakjajan,FALSE,Human,Neutral
18035759297795199,Penasaraaaan sama reverse montblancnyaaa,eattripdeals,2026-04-15T06:19:13.000Z,3,DXIs9bxkiQl,anakjajan,FALSE,Human,Neutral
17952852098965847,Andai rumahku di blok M 🫣🤤,evyfelicia,2026-04-15T05:11:58.000Z,1,DXIs9bxkiQl,anakjajan,FALSE,Human,Neutral
18111734218699203,penasarannn 😍😍,febignwn,2026-04-15T04:17:43.000Z,1,DXIs9bxkiQl,anakjajan,FALSE,Human,Neutral
17872301643597490,Paling penasaran sama menu Double Cashew Cloud-nya 😍,millyyy_07,2026-04-15T03:52:37.000Z,3,DXIs9bxkiQl,anakjajan,FALSE,Human,Neutral
18104158312736477,menarik banget,yetinurfa,2026-04-15T03:51:54.000Z,1,DXIs9bxkiQl,anakjajan,FALSE,Human,Neutral
18046525058765156,Mu cobaaaa 😍🔥,millah.chalik,2026-04-15T03:36:17.000Z,2,DXIs9bxkiQl,anakjajan,FALSE,Human,Neutral
18098185817096324,Woahhh… mantaapppp,nitaaaaaaaaaaaaaaa,2026-04-15T03:27:35.000Z,1,DXIs9bxkiQl,anakjajan,FALSE,Human,Neutral
18091279748517216,😍😍 nambah lagi list tempat hangout di negara Blok M ini 😂😂,dewintaifang,2026-04-15T03:22:16.000Z,1,DXIs9bxkiQl,anakjajan,FALSE,Human,Neutral
18099348062053647,Montblanc & dirty latte looks goood,vanissakaris,2026-04-15T03:21:27.000Z,4,DXIs9bxkiQl,anakjajan,FALSE,Human,Neutral
18060529313722907,@amygavin15,haaaayyytirex24,2026-07-08T18:36:20.000Z,0,DaSQBGjxEWj,sibungbung,FALSE,Human,Neutral
18157783474470087,Best @aifauuu kemarin lu makan. Ajak gue ngidap nic😭,hindahere,2026-07-08T15:43:27.000Z,0,DaSQBGjxEWj,sibungbung,FALSE,Human,Positive
18175670017418804,"Klhtn kureng, cukanya encer",karyawati_s.p,2026-07-08T14:12:05.000Z,0,DaSQBGjxEWj,sibungbung,FALSE,Human,Neutral
18603690934058386,Mampir ke Pempek Shanty kak @sibungbung,pempek.shanty,2026-07-08T13:14:20.000Z,0,DaSQBGjxEWj,sibungbung,FALSE,Human,Neutral
18103449205883796,@_w.a.n.d.a__  deket rumah,datulakhmadd,2026-07-08T12:59:04.000Z,0,DaSQBGjxEWj,sibungbung,FALSE,Human,Neutral
18206357848357549,Jauh banget woy mau beli,muhammad_riqza06,2026-07-08T12:06:01.000Z,0,DaSQBGjxEWj,sibungbung,FALSE,Human,Positive
18602945446022807,Haahh kapan bukannya kok ga pernah lihat,adv.material26,2026-07-08T10:48:52.000Z,0,DaSQBGjxEWj,sibungbung,FALSE,Human,Neutral
17976507057067718,Langsung pilih,83_4647,2026-07-08T10:02:39.000Z,0,DaSQBGjxEWj,sibungbung,FALSE,Human,Neutral
18095752952459929,Lokasi,zackt_riad,2026-07-08T09:27:25.000Z,0,DaSQBGjxEWj,sibungbung,FALSE,Human,Neutral
18069837953706701,Tangerangya di mn,hennisuseno,2026-07-08T08:23:48.000Z,0,DaSQBGjxEWj,sibungbung,FALSE,Human,Neutral
18098858165192926,@suhaylibahar45 temen kita masuk Ig wkwkwkw,r.dhiansyah_13,2026-07-08T06:09:50.000Z,0,DaSQBGjxEWj,sibungbung,FALSE,Human,Neutral
18102310282882114,@desi_herlina12,mardian_qyong,2026-07-08T05:18:37.000Z,0,DaSQBGjxEWj,sibungbung,FALSE,Human,Neutral
18125355796659466,"gimana g bnyk lalat, itu pinggir kali bau",restock_apple14,2026-07-08T05:09:18.000Z,0,DaSQBGjxEWj,sibungbung,FALSE,Human,Negative
17889754269579852,Daerah mana?,rifqi.hidayat.7330763,2026-07-08T02:25:26.000Z,0,DaSQBGjxEWj,sibungbung,FALSE,Human,Neutral
18111806237314132,bukan jam brp tutup jam brp?,sipittt85,2026-07-08T01:54:46.000Z,0,DaSQBGjxEWj,sibungbung,FALSE,Human,Neutral
17895461898544085,"Heran banget udah tau bentuknya seperti begitu masih tetap dibikin kontennya. Demi cuan sampe gininya bgt ya, menjijikkan🤮",scoupscherry_,2026-07-08T20:08:54.000Z,0,Dacz7PMRBEh,sibungbung,FALSE,Human,Neutral
18078828410682925,Kue jembottttttttt,ilhmsyns,2026-07-08T19:33:17.000Z,0,Dacz7PMRBEh,sibungbung,FALSE,Human,Neutral
18087236339128202,Takedown kocak,niki.nikuuuu,2026-07-08T19:21:02.000Z,0,Dacz7PMRBEh,sibungbung,FALSE,Human,Neutral
18076845224672753,sick 🙄,roccafia,2026-07-08T18:55:37.000Z,0,Dacz7PMRBEh,sibungbung,FALSE,Human,Neutral
17896512531535123,Mkn jembut,winaabarley,2026-07-08T18:17:45.000Z,0,Dacz7PMRBEh,sibungbung,FALSE,Human,Neutral
17915182104418154,Yg bikin maksudnya apa ya bikin bentukan begini? Apa imajinasi saya yg salah apa gimana sih? Kok berasa kayak pelecehan ya bentuknya gak pantes,vivi_qoqo_mtc,2026-07-08T18:09:15.000Z,0,Dacz7PMRBEh,sibungbung,FALSE,Human,Neutral
18089613659547999,NJIJIKI 🤢🤢🤮🤮🤮🤮,zainanan44,2026-07-08T18:04:21.000Z,0,Dacz7PMRBEh,sibungbung,FALSE,Human,Neutral
18567276691070348,"""ROJEM.....RotiJembuutt...😂😂",rizkyanreas,2026-07-08T17:29:25.000Z,0,Dacz7PMRBEh,sibungbung,FALSE,Human,Neutral
18097933400591581,"Ni konten di bahas di threads, semoga liat ya ci biar jadi pembelajaran mana makanan yang bisa di kontenin, ini kurang beradab jujur",kamaliaalya22,2026-07-08T17:21:15.000Z,0,Dacz7PMRBEh,sibungbung,FALSE,Human,Negative
18096098762007116,Ini namanya Kwe baokk 🤣,firmanfrdss,2026-07-08T17:16:06.000Z,0,Dacz7PMRBEh,sibungbung,FALSE,Human,Neutral
18075746528322675,Takedown plis,ainiyumee,2026-07-08T16:42:05.000Z,0,Dacz7PMRBEh,sibungbung,FALSE,Human,Neutral
18119914910306334,Aku gak sanggup makan itu,rindysuryani,2026-07-08T16:31:26.000Z,0,Dacz7PMRBEh,sibungbung,FALSE,Human,Neutral
17936229942296221,Saya malah jadi gak ke pengen ( hilang selera .kata orang Sunda mah geleuh ),marialynda19,2026-07-08T16:16:01.000Z,0,Dacz7PMRBEh,sibungbung,FALSE,Human,Positive
18000032795969932,Чья мохнатка на куросане😂😂😂😂,lenochkaelune,2026-07-08T16:03:20.000Z,0,Dacz7PMRBEh,sibungbung,FALSE,Human,Neutral
18119297863848308,Nasi timbel bukannya pake sayur asem?,_rhirhin03_,2026-07-08T19:16:00.000Z,0,DaeihEKRJg2,sibungbung,FALSE,Human,Neutral
18135841540567615,Langganan gw wkwk... Dulu harganya 11rb😂😂,achmad.kurniawan32,2026-07-08T18:16:35.000Z,0,DaeihEKRJg2,sibungbung,FALSE,Human,Neutral
18130215406723312,Murah banget lengkap lagi😍😍😍,stiawanjohansyah,2026-07-08T17:14:59.000Z,0,DaeihEKRJg2,sibungbung,FALSE,Human,Neutral
18091527815369099,murah bgt anjir😭😭,bubuuchaa,2026-07-08T17:11:10.000Z,0,DaeihEKRJg2,sibungbung,FALSE,Human,Neutral
18059366165754655,Pohpohan 😍,restiveraf11,2026-07-08T16:49:30.000Z,0,DaeihEKRJg2,sibungbung,FALSE,Human,Neutral
17876182722512186,Gue dengan kesadaran penuh nonton ini di 23:08 sampe nelen air liur.,jengdini01,2026-07-08T16:08:47.000Z,0,DaeihEKRJg2,sibungbung,FALSE,Human,Neutral
18136566436604046,🐈: adaawww,onekinofhuman,2026-07-08T15:47:25.000Z,0,DaeihEKRJg2,sibungbung,FALSE,Human,Neutral
17879448471612642,Ci @sibungbung soto dan nasi bebek d sebelahnya juga mantep.,nunungcahmanut,2026-07-08T15:20:28.000Z,0,DaeihEKRJg2,sibungbung,FALSE,Human,Neutral
18577787110067334,Muraah,hennyhennysuryaningsih,2026-07-08T15:03:31.000Z,0,DaeihEKRJg2,sibungbung,FALSE,Human,Neutral
18127436866629561,@leofficiallyyyyyy,ayah_fafa88,2026-07-08T14:50:57.000Z,0,DaeihEKRJg2,sibungbung,FALSE,Human,Neutral
18024448772846786,Di bandung timbel di gerobak banyak ga harus ke resto ci,andreeengdengdengdeng,2026-07-08T14:43:45.000Z,0,DaeihEKRJg2,sibungbung,FALSE,Human,Neutral
17896057902520410,Daun pohpohan😍😍😍,inacookies_semarang,2026-07-08T14:19:38.000Z,0,DaeihEKRJg2,sibungbung,FALSE,Human,Neutral
18076585670688983,Langganganku😍,febriyati24,2026-07-08T14:02:10.000Z,0,DaeihEKRJg2,sibungbung,FALSE,Human,Neutral
18104436028915402,@dwiatmoko_ms,syasyasa_,2026-07-08T08:39:28.000Z,0,DacfX6XR7Ky,sibungbung,FALSE,Human,Neutral
18011364650733307,waduh ngilerrr,na_2207,2026-07-08T04:29:48.000Z,0,DacfX6XR7Ky,sibungbung,FALSE,Human,Neutral
18037305209805256,buka jm brp ce?,putridns,2026-07-08T04:02:49.000Z,0,DacfX6XR7Ky,sibungbung,FALSE,Human,Neutral
18122540068688401,Emang enak langganan udh lama 😂,myhoney_06,2026-07-08T00:34:25.000Z,0,DacfX6XR7Ky,sibungbung,FALSE,Human,Positive
18110634601953298,@chrisabeldaniella dkt kost mu 😍,emilianaretna,2026-07-07T23:41:04.000Z,0,DacfX6XR7Ky,sibungbung,FALSE,Human,Neutral
18365338537233571,Tim yg mienya ½ mateng --->>>,maxiello88,2026-07-07T14:19:18.000Z,0,DacfX6XR7Ky,sibungbung,FALSE,Human,Neutral
17954760966188754,Buka jam berapa ci?,imaliaf07,2026-07-07T12:06:25.000Z,0,DacfX6XR7Ky,sibungbung,FALSE,Human,Neutral
18082615874208230,"Pantas kalo lewat,rame teruss @nonharyati_",dimasagituu,2026-07-07T12:02:05.000Z,0,DacfX6XR7Ky,sibungbung,FALSE,Human,Neutral
18415033321149925,@auliailmaa_ depan mcd,titahisbi,2026-07-07T11:52:24.000Z,0,DacfX6XR7Ky,sibungbung,FALSE,Human,Neutral
18226154767318007,Indomie emang enak di masak gitu,riska.ind,2026-07-07T11:31:40.000Z,0,DacfX6XR7Ky,sibungbung,FALSE,Human,Positive
17865362739635002,B aja ci aku pernah kesitu,winnawinni,2026-07-07T11:22:23.000Z,0,DacfX6XR7Ky,sibungbung,FALSE,Human,Neutral
17861620701648553,itu mie ceplok apa yaa ci,stevanraihan,2026-07-07T11:16:13.000Z,0,DacfX6XR7Ky,sibungbung,FALSE,Human,Neutral
18112183862293091,@_rutonoona pesen dlu li tiket psawat itu heheh,ahadihoo,2026-07-07T10:53:43.000Z,0,DacfX6XR7Ky,sibungbung,FALSE,Human,Neutral
18361126891242636,"Ini enak bgt, pas seberang mcd muara karang",alanisclairemorissette,2026-07-07T10:47:28.000Z,0,DacfX6XR7Ky,sibungbung,FALSE,Human,Positive
18088950359636225,Ini baru es teller👏👏👏,one.fullmoon,2026-07-07T15:52:44.000Z,0,DaUyqPCxXPd,sibungbung,FALSE,Human,Neutral
18190340260377571,"Dulu jualannya dalem komplek Deket sekolah. Jadi tempat nongkrong ibu"" yang nunggu anaknya pulang sekolah termasuk mamaku🔥",_iptri,2026-07-07T13:43:38.000Z,0,DaUyqPCxXPd,sibungbung,FALSE,Human,Neutral
17938647777071985,Ini yg waktu SMK suka tawuran sampe putusin jari Ama leher orang itu kah,hajiramli515,2026-07-07T07:42:56.000Z,0,DaUyqPCxXPd,sibungbung,FALSE,Human,Positive
18095409962004574,murah sehat.,anna_nurazizah11,2026-07-07T05:27:53.000Z,0,DaUyqPCxXPd,sibungbung,FALSE,Human,Neutral
18151897534499544,@tammami21 mba hayyu ksni,mak_mbonk,2026-07-07T03:30:20.000Z,0,DaUyqPCxXPd,sibungbung,FALSE,Human,Neutral
18086261495646741,Udah pernah coba 🔥,rachmadanijuliya,2026-07-07T02:01:05.000Z,0,DaUyqPCxXPd,sibungbung,FALSE,Human,Neutral
18105811097000805,Alexxx besttt,_anjaryan,2026-07-06T11:22:19.000Z,0,DaUyqPCxXPd,sibungbung,FALSE,Human,Neutral
18078281930655452,"mba @fikelaela28 @fitrimulia , klo cobain titip ya 🤭🙏🏻",ika_apriliano,2026-07-06T06:09:19.000Z,0,DaUyqPCxXPd,sibungbung,FALSE,Human,Neutral
18139246513559719,Es nya pakai balok aman gak tuh,kisya_alfaridzi,2026-07-06T04:31:19.000Z,0,DaUyqPCxXPd,sibungbung,FALSE,Human,Neutral
18096269729357774,Dr pasar malam jiung  sebelah mana,anton_adena_adean,2026-07-06T00:39:27.000Z,0,DaUyqPCxXPd,sibungbung,FALSE,Human,Neutral
17934469386311738,"Beli ga pakai es,karna rmh jauh di bekasi😂",andri_irawan85,2026-07-05T23:55:54.000Z,0,DaUyqPCxXPd,sibungbung,FALSE,Human,Neutral
17945656221037344,@uch4y Deket Kanaan ngak,franciscaachti,2026-07-05T19:49:15.000Z,0,DaUyqPCxXPd,sibungbung,FALSE,Human,Neutral
18097352027616226,😂😂 Alex ..top🔥🔥 ..Deket rmh ini mah 👏😂,srisundari17,2026-07-05T17:16:18.000Z,0,DaUyqPCxXPd,sibungbung,FALSE,Human,Neutral
18099428780233253,"Penjualnya namanya bang Alex, langganan bareng temen2 ku dulu kalau pulang kerja hari Sabtu pasti mampir ke es teller bang alex",ayualstaayulestari,2026-07-05T17:13:45.000Z,0,DaUyqPCxXPd,sibungbung,FALSE,Human,Neutral
18119780035766626,"kayaknya baru buka ya, terakhir tinggal di sini Maret blm ada deh😂",hestisheey,2026-07-04T13:18:56.000Z,0,DaFZ-ydRUlk,sibungbung,FALSE,Human,Neutral
18317203516302874,"Tapi emang panggilan boss padahal bukan siapa2nya dia itu kureng banget sih, malah bikin ga nyaman, bisa panggil kak, bu, pak, neng ,mbak lebih gampang masuk buat akrab",yessaindra,2026-07-02T00:24:46.000Z,0,DaFZ-ydRUlk,sibungbung,FALSE,Human,Neutral
18076788788481673,Team yg males beli makan harus ngantri,dapur_mamajuke,2026-07-01T06:28:38.000Z,0,DaFZ-ydRUlk,sibungbung,FALSE,Human,Neutral
18115816126851159,apa bedanya sama ayam celup,jerrans_,2026-06-30T14:49:21.000Z,0,DaFZ-ydRUlk,sibungbung,FALSE,Human,Neutral
18014953865885865,Terakhir beli tepung nya belom mateng😫,mutiajul_,2026-06-30T02:13:56.000Z,0,DaFZ-ydRUlk,sibungbung,FALSE,Human,Neutral
18065696660474902,gak demen deh kalo denger orang manggil bas bos bas bos😂,yusuf0306ym,2026-06-30T01:32:35.000Z,0,DaFZ-ydRUlk,sibungbung,FALSE,Human,Neutral
17898054567471605,Cabang dari Bekasi kah ?!,a.adipradan_,2026-06-29T10:06:33.000Z,0,DaFZ-ydRUlk,sibungbung,FALSE,Human,Neutral
17921708916166747,Disini jug ada yg jualan ayam bgt. Enak. Cm ga rame..namanya juga perkampungan yaa. Coba jualan dijakarta trs murah yaa antri.,malikaanabul,2026-06-29T05:50:24.000Z,1,DaFZ-ydRUlk,sibungbung,FALSE,Human,Positive
18074399849682322,😂😂😂😂bp kocak,alin_3212,2026-06-29T03:22:34.000Z,1,DaFZ-ydRUlk,sibungbung,FALSE,Human,Neutral
18102251383885311,Waahh swpertinya enak hrg lbh murah drpd di geprek2 yg terkenal murah saus jg,zuyyinahaan,2026-06-29T02:06:10.000Z,0,DaFZ-ydRUlk,sibungbung,FALSE,Human,Positive
18086689349386540,Ini yg di taman aries ya cik @sibungbung,rosmery_rochmat,2026-06-28T23:56:50.000Z,0,DaFZ-ydRUlk,sibungbung,FALSE,Human,Neutral
17973310058905920,"Jangan biasain panggil 'BOS' keorang apalagi gak kenal / baru kenal,,",dimdimpluk,2026-06-28T11:31:17.000Z,0,DaFZ-ydRUlk,sibungbung,FALSE,Human,Neutral
18118122145860136,Ka kalo lagi main ke anyer atau cilegon bisa mampir ke tempat kita ✨🙇🏻‍♂️,baksoabahjawara88,2026-06-28T09:16:17.000Z,0,DaFZ-ydRUlk,sibungbung,FALSE,Human,Neutral
18101199046970708,Beneran deh rasanya biasa aja aku mah kasian yg jauh2 bela2in beli dan pada ngantri . Apa bener ada yg beli sekali trus repeat terus😮,serraemon,2026-06-28T08:26:37.000Z,0,DaFZ-ydRUlk,sibungbung,FALSE,Human,Neutral
18042531251642625,M,inayah.002,2026-06-28T07:11:42.000Z,0,DaFZ-ydRUlk,sibungbung,TRUE,Low Effort / Emoji Spam,Excluded (Bot)
17901297174463104,Kakak” semua yg pecinta makanan makado bisa mampir ke toko km ya 😊,dapurkuahasang,2026-07-06T08:07:32.000Z,0,DZwuiXLsbCy,henjiwong,FALSE,Human,Neutral
18542883091073343,"Pernah mau coba di solaria supermal, kata mbanya ga ada hack2an gitu😂😂",willykho25,2026-07-06T06:54:34.000Z,0,DZwuiXLsbCy,henjiwong,FALSE,Human,Positive
18099468682916416,Gw bgtt..bw nasi dr rumah🤭😜😜,ida.rosidaa21,2026-07-05T15:56:49.000Z,0,DZwuiXLsbCy,henjiwong,FALSE,Human,Neutral
18097771682244643,@yosinaratin,lazyumang,2026-07-05T14:29:54.000Z,0,DZwuiXLsbCy,henjiwong,FALSE,Human,Neutral
18098896076462409,Buat yg kurang suka nasi kek saya jatuhnya worth it sih,ryan.dwi1604,2026-07-05T04:25:14.000Z,0,DZwuiXLsbCy,henjiwong,FALSE,Human,Neutral
18105718577064811,Mo nyobain ah,dewisekardjati,2026-07-05T03:17:29.000Z,0,DZwuiXLsbCy,henjiwong,FALSE,Human,Neutral
17871001923546083,Klo makan ber 2 harga nya sama aja kecuali klo ber 4 atau 5 berasa hemat nya,heriyanto7379,2026-07-02T08:38:17.000Z,0,DZwuiXLsbCy,henjiwong,FALSE,Human,Neutral
17976119241117780,🤣🤣🤣🤣,laziokarisma,2026-07-02T01:56:36.000Z,0,DZwuiXLsbCy,henjiwong,FALSE,Human,Neutral
18346333924169006,Bawa nasi dan minum sendiri baru beneran irit 😂,wan_christ25,2026-07-01T15:55:07.000Z,0,DZwuiXLsbCy,henjiwong,FALSE,Human,Neutral
17940928740056001,"Daftar menu uda bener,, malah di coret2,, kurang kerjaan aja🤣🤣🤣mkn ga mau rugi",pradiptasuhermankusuma,2026-06-29T10:45:55.000Z,0,DZwuiXLsbCy,henjiwong,FALSE,Human,Neutral
17995711571987552,katanya harga nya dimahalin???,syarifahrahayubaraqbah,2026-06-29T10:31:51.000Z,0,DZwuiXLsbCy,henjiwong,FALSE,Human,Neutral
17898225930331250,"bilang aja menu ala carte..susah amat, beda harga juga",satryo_bagus,2026-06-29T09:16:56.000Z,0,DZwuiXLsbCy,henjiwong,FALSE,Human,Neutral
18122471392742359,Ini makan Solaria mode anak kost😁,nendrisahputra,2026-06-28T11:23:16.000Z,0,DZwuiXLsbCy,henjiwong,FALSE,Human,Neutral
17923701234366462,Sudah terlalu banyak yang hack Solaria please Udah dong bosen lihatnya,hattorinori,2026-06-28T09:52:28.000Z,0,DZwuiXLsbCy,henjiwong,FALSE,Human,Neutral
17895684384524896,Kok yang paket 3 aneh ya. Kalau paket 1 dikali 2 jadi 70ribu. Berarti mangkoknya gak gratis donk ya beli 30ribu,chocomintgurl,2026-06-21T12:40:29.000Z,0,DZj3uLKyEC0,anakjajan,FALSE,Human,Neutral
18105588373822443,Noms banget sih ini tampilannya 😍,st0rm_78,2026-06-17T09:50:17.000Z,1,DZj3uLKyEC0,anakjajan,FALSE,Human,Neutral
17973254859064874,Wah baru nih,wulanhouse,2026-06-17T09:42:35.000Z,1,DZj3uLKyEC0,anakjajan,FALSE,Human,Neutral
17872708830528688,"jastip sama aku yuk, join link grup di bio/ story pengiriman bisa sopii 😍",jastipinayuu,2026-06-17T04:50:32.000Z,0,DZj3uLKyEC0,anakjajan,FALSE,Human,Neutral
18093876977004834,Ini loohhhhhhh yg mau d cobaa @davidstevensdirnata,shellafenicia,2026-06-16T05:18:46.000Z,0,DZj3uLKyEC0,anakjajan,FALSE,Human,Positive
18003351680938686,Mie legend yang selalu nganeninnnn😍😍😍,tresalediana,2026-06-16T02:35:40.000Z,1,DZj3uLKyEC0,anakjajan,FALSE,Human,Neutral
18012572444713271,😍😍😍,monapisa,2026-06-15T12:43:56.000Z,1,DZj3uLKyEC0,anakjajan,FALSE,Human,Neutral
17893903194527322,wah ada daging ayam beneran 🐓,hendrafael,2026-06-15T07:45:41.000Z,0,DZj3uLKyEC0,anakjajan,FALSE,Human,Neutral
18396805534084178,Kepooo bgt inii,chintyayayaa,2026-06-15T06:40:59.000Z,1,DZj3uLKyEC0,anakjajan,FALSE,Human,Neutral
18102494720015854,"Kak, just info ☺️
Kalau ada yang lagi capek di area Kemayoran , bisa mampir ke HARA Family Wellness Kemayoran. Harga masih terjangkau .
Ada reflexy, massage, dan spa 😁 
@harafamilywellness",lianavirgo33,2026-06-15T06:36:36.000Z,0,DZj3uLKyEC0,anakjajan,FALSE,Human,Neutral
18080302328197266,menarik banget nih @mellyhung pengen coba 😍😍,stephaniewongkar,2026-06-15T06:27:20.000Z,0,DZj3uLKyEC0,anakjajan,FALSE,Human,Positive
18601973302037880,Mie nya kelihatan enak. Klo ada kesempatan pengen coba,veronicatjhin,2026-06-15T05:06:56.000Z,1,DZj3uLKyEC0,anakjajan,FALSE,Human,Positive
17879339988668058,Ngiler banget sih 🤤,lidyaciatawi,2026-06-15T04:47:32.000Z,1,DZj3uLKyEC0,anakjajan,FALSE,Human,Positive
18119760010769425,Ke PRJ tujuannya mampir ke mie GAGA ni kayaknyaa maahh 🤤,maailmaa,2026-06-15T03:54:45.000Z,1,DZj3uLKyEC0,anakjajan,FALSE,Human,Neutral
18100684850126970,Open jastip 🔥,bykhanzastore,2026-06-15T03:31:27.000Z,0,DZj3uLKyEC0,anakjajan,FALSE,Human,Neutral
17917743627383984,"Mahal klu enak mah ngk ap""tp ini kyk ny mo sit 🙈",wanti_lim,2026-06-18T10:57:44.000Z,0,DZSHaVvM_38,henjiwong,FALSE,Human,Neutral
18101843045065444,Pindah mana skrg bang Alex?,afsheena.q,2026-07-05T11:58:42.000Z,0,DaUyqPCxXPd,sibungbung,FALSE,Human,Neutral
18213505102339294,Ihhh jijayy roti jembonggg endes tinta yah Gaezzz....😅😅,rienykhoriz,2026-07-08T15:41:44.000Z,0,Dacz7PMRBEh,sibungbung,FALSE,Human,Neutral
17889974202580858,"Kuncinya apa ci abis makan pedes ,makan eskrim kah atau minum susu ,buat penawarnya",isyamsyam98,2026-07-07T10:13:42.000Z,0,DacfX6XR7Ky,sibungbung,FALSE,Human,Neutral
18115080241779229,Endul @abdul_i7,safirahutama_,2026-07-07T07:56:44.000Z,0,DZtd52_s3D9,henjiwong,FALSE,Human,Neutral
18115149262914125,mauu bangett,rivaldybaskara,2026-07-05T11:48:20.000Z,0,DZtd52_s3D9,henjiwong,FALSE,Human,Neutral
18097726217217345,Aku pikir suaminya maudi ayunda😂,emass_24k,2026-06-26T01:08:15.000Z,0,DZtd52_s3D9,henjiwong,FALSE,Human,Neutral
18594420319015416,nasi bebek 130k😢.,newmant89,2026-06-23T07:13:06.000Z,0,DZtd52_s3D9,henjiwong,FALSE,Human,Neutral
18093698732199102,Wahh jadi laperrr bngtt 🤤🤤🤤,ernihsansan,2026-06-23T01:56:43.000Z,0,DZtd52_s3D9,henjiwong,FALSE,Human,Neutral
18105796958057927,koko @henjiwong temen aku ngefans @ericks1589,misslitaa,2026-06-22T15:56:06.000Z,0,DZtd52_s3D9,henjiwong,FALSE,Human,Neutral
18075388013328857,Berapa hewan ternak dibunuh di Indonesia per tahun?,due_decimal,2026-06-22T15:55:17.000Z,0,DZtd52_s3D9,henjiwong,FALSE,Human,Neutral
18026285153831514,🔥,manismes,2026-06-22T11:02:21.000Z,0,DZtd52_s3D9,henjiwong,TRUE,Low Effort / Emoji Spam,Excluded (Bot)
17959343112131693,😍👍,maryantinafajarini,2026-06-21T13:37:43.000Z,0,DZtd52_s3D9,henjiwong,TRUE,Low Effort / Emoji Spam,Excluded (Bot)
18097175951227223,DELICIOUS,mommybrown016,2026-06-19T22:10:46.000Z,0,DZtd52_s3D9,henjiwong,FALSE,Human,Neutral
18105238175092778,"Mau , tp d Pontianak GK ada",ql_alami,2026-06-19T15:27:25.000Z,0,DZtd52_s3D9,henjiwong,FALSE,Human,Positive
18132690097581877,"Sumsum, bebek, gorengan...penyakit semua😢",ebygesit,2026-06-19T15:00:39.000Z,1,DZtd52_s3D9,henjiwong,FALSE,Human,Neutral
18014799998903080,Gak selalu ready nasi sumsumnya 😢,dwikayu,2026-06-19T05:17:30.000Z,0,DZtd52_s3D9,henjiwong,FALSE,Human,Neutral
18223856635316794,Hati2  Koko mkn yg berlemak😂,vivigunawan385,2026-06-19T05:13:06.000Z,0,DZtd52_s3D9,henjiwong,FALSE,Human,Neutral
1.78774E+16,M,selvyjap,2026-06-19T03:56:23.000Z,0,DZtd52_s3D9,henjiwong,TRUE,Low Effort / Emoji Spam,Excluded (Bot)
18104154548155004,@atitgeulizya ayok,angelinafr17,2026-07-08T18:34:39.000Z,0,DaXWCKARSQG,sibungbung,FALSE,Human,Neutral
17949806877211150,Infooo kaloo mau kesanaa naik KRL donggg gaissss ❤️👏,anndaabigaill,2026-07-08T13:21:07.000Z,0,DaXWCKARSQG,sibungbung,FALSE,Human,Positive
18023771531677273,Bikin ngiler ini,giarti.liplop,2026-07-08T12:52:27.000Z,0,DaXWCKARSQG,sibungbung,FALSE,Human,Positive
18110487043752233,@rifaibadar,margi94_,2026-07-08T11:28:59.000Z,0,DaXWCKARSQG,sibungbung,FALSE,Human,Neutral
18088870076319404,Dijawa basonya tuh pentol..,indri283,2026-07-08T11:23:11.000Z,0,DaXWCKARSQG,sibungbung,FALSE,Human,Neutral
18136563400565541,"Nontonnya pas bgt mau tidur malem, awas aja klo sampe kebawa mimpi.. Cici hrs tanggung jawab pokoknya",anandafazrima,2026-07-07T14:37:06.000Z,0,DaXWCKARSQG,sibungbung,FALSE,Human,Positive
18329660686251652,Pentil pentil nya doang,dekoprasojo,2026-07-07T11:09:11.000Z,0,DaXWCKARSQG,sibungbung,FALSE,Human,Neutral
18367998436237220,Udah nyobain emang enak sih..,ramli.muhammad70,2026-07-07T08:57:54.000Z,0,DaXWCKARSQG,sibungbung,FALSE,Human,Positive
18614941423044053,Jd ngiler🤤,azz_swa,2026-07-06T16:12:48.000Z,0,DaXWCKARSQG,sibungbung,FALSE,Human,Positive
18041596682802860,bener GK 15 ribu penuh semangkok,nuroelnisha.nuroelnisha.1,2026-07-06T12:35:22.000Z,0,DaXWCKARSQG,sibungbung,FALSE,Human,Neutral
18120570364809527,Wow terjangkau banget 15k sebanyak itu 😍,fatima.nasution54,2026-07-06T12:23:26.000Z,0,DaXWCKARSQG,sibungbung,FALSE,Human,Positive
18377005345204902,"Murah, banyak, ckp enak (msh brasa dagingnya dengan harga sgitu) Pas lewat st pas maghrib, jd beli ga pke antri😂",adelmuflihah,2026-07-06T11:18:16.000Z,1,DaXWCKARSQG,sibungbung,FALSE,Human,Positive
18009292595925813,Aq tuh slalu suka review cici @sibungbung.....,minluv_ia04,2026-07-06T09:56:03.000Z,0,DaXWCKARSQG,sibungbung,FALSE,Human,Positive
18089723819423234,Ngiler ci,rasyidah_haniefa,2026-07-06T01:27:35.000Z,0,DaXWCKARSQG,sibungbung,FALSE,Human,Positive
18602671324013976,🤭🤭 ramah banget pas ktmu cici...😍🔥,elhia_zahrotun,2026-07-05T23:30:50.000Z,4,DaXWCKARSQG,sibungbung,FALSE,Human,Neutral
18095804615135150,Uwuuuu 😍,st0rm_78,2026-04-07T12:09:18.000Z,1,DWDW34ZEnN-,anakjajan,FALSE,Human,Neutral
18110828137876858,💠🩷💠,resepindolokal,2026-04-04T07:42:02.000Z,0,DWDW34ZEnN-,anakjajan,FALSE,Human,Neutral
18075899513408398,😍😍,sawahkedai,2026-03-30T11:19:49.000Z,0,DWDW34ZEnN-,anakjajan,TRUE,Low Effort / Emoji Spam,Excluded (Bot)
17847930312678701,Mauuu😍😍,resepmamabdg,2026-03-27T10:35:35.000Z,1,DWDW34ZEnN-,anakjajan,FALSE,Human,Neutral
18069039221285695,this looks sooo good 🙌,katheriinezhang,2026-03-25T17:06:52.000Z,0,DWDW34ZEnN-,anakjajan,FALSE,Human,Neutral
18164087761420421,@chenliexin,nitanovittaa,2026-03-25T13:33:02.000Z,1,DWDW34ZEnN-,anakjajan,FALSE,Human,Neutral
17861905239614977,Ini enakkkkkkkk,deborahsjarif,2026-03-25T05:59:59.000Z,1,DWDW34ZEnN-,anakjajan,FALSE,Human,Neutral
18097234532289661,suka bgt sm puff ini 🙌,trip_or_treatss,2026-03-25T03:52:11.000Z,1,DWDW34ZEnN-,anakjajan,FALSE,Human,Positive
18086542613463208,😮,tanalf2022,2026-03-20T20:54:39.000Z,1,DWDW34ZEnN-,anakjajan,TRUE,Low Effort / Emoji Spam,Excluded (Bot)
18350733709232278,"Oh agreed, mereka FLAKEY abiz",haveyoumattsam,2026-03-20T10:07:21.000Z,2,DWDW34ZEnN-,anakjajan,FALSE,Human,Neutral
17891029746442316,Yukkkk. harus ke sini sih kita @ceccimochi,tinybitediary,2026-03-20T04:09:39.000Z,0,DWDW34ZEnN-,anakjajan,FALSE,Human,Neutral
18049982189715843,😍,lampugantung.id,2026-03-19T21:55:40.000Z,1,DWDW34ZEnN-,anakjajan,TRUE,Low Effort / Emoji Spam,Excluded (Bot)
18118160434652940,Chewyyy nyaaa 😘🤤,jokes_and_toast,2026-03-19T15:28:25.000Z,2,DWDW34ZEnN-,anakjajan,FALSE,Human,Neutral
18123926422587622,Duh piscoknyaaa 😍,husnul.awaliyati,2026-03-19T08:43:49.000Z,2,DWDW34ZEnN-,anakjajan,FALSE,Human,Neutral
18136671010508095,@gslchn.anmei lagi gak??,mssiska,2026-03-19T07:51:40.000Z,0,DWDW34ZEnN-,anakjajan,FALSE,Human,Neutral
